"module name","license","repository"
"@aws-amplify/analytics@1.2.10","Apache-2.0","https://github.com/aws/aws-amplify"
"@aws-amplify/api@1.0.26","Apache-2.0","https://github.com/aws/aws-amplify"
"@aws-amplify/auth@1.2.15","Apache-2.0","https://github.com/aws/aws-amplify"
"@aws-amplify/cache@1.0.22","Apache-2.0","https://github.com/aws/aws-amplify"
"@aws-amplify/core@1.0.22","Apache-2.0","https://github.com/aws/aws-amplify"
"@aws-amplify/interactions@1.0.25","Apache-2.0","https://github.com/aws/aws-amplify"
"@aws-amplify/pubsub@1.0.22","Apache-2.0","https://github.com/aws/aws-amplify"
"@aws-amplify/storage@1.0.25","Apache-2.0","https://github.com/aws/aws-amplify"
"@aws-amplify/ui@1.0.15","MIT",""
"@aws-amplify/xr@0.1.12","Apache-2.0","https://github.com/aws/aws-amplify"
"@babel/code-frame@7.0.0","MIT","https://github.com/babel/babel/tree/master/packages/babel-code-frame"
"@babel/core@7.0.0","MIT","https://github.com/babel/babel/tree/master/packages/babel-core"
"@babel/generator@7.1.6","MIT","https://github.com/babel/babel/tree/master/packages/babel-generator"
"@babel/helper-annotate-as-pure@7.0.0","MIT","https://github.com/babel/babel/tree/master/packages/babel-helper-annotate-as-pure"
"@babel/helper-builder-binary-assignment-operator-visitor@7.1.0","MIT","https://github.com/babel/babel/tree/master/packages/babel-helper-builder-binary-assignment-operator-visitor"
"@babel/helper-builder-react-jsx@7.0.0","MIT","https://github.com/babel/babel/tree/master/packages/babel-helper-builder-react-jsx"
"@babel/helper-call-delegate@7.1.0","MIT","https://github.com/babel/babel/tree/master/packages/babel-helper-call-delegate"
"@babel/helper-define-map@7.1.0","MIT","https://github.com/babel/babel/tree/master/packages/babel-helper-define-map"
"@babel/helper-explode-assignable-expression@7.1.0","MIT","https://github.com/babel/babel/tree/master/packages/babel-helper-explode-assignable-expression"
"@babel/helper-function-name@7.1.0","MIT","https://github.com/babel/babel/tree/master/packages/babel-helper-function-name"
"@babel/helper-get-function-arity@7.0.0","MIT","https://github.com/babel/babel/tree/master/packages/babel-helper-get-function-arity"
"@babel/helper-hoist-variables@7.0.0","MIT","https://github.com/babel/babel/tree/master/packages/babel-helper-hoist-variables"
"@babel/helper-member-expression-to-functions@7.0.0","MIT","https://github.com/babel/babel/tree/master/packages/babel-helper-member-expression-to-functions"
"@babel/helper-module-imports@7.0.0","MIT","https://github.com/babel/babel/tree/master/packages/babel-helper-module-imports"
"@babel/helper-module-transforms@7.1.0","MIT","https://github.com/babel/babel/tree/master/packages/babel-helper-module-transforms"
"@babel/helper-optimise-call-expression@7.0.0","MIT","https://github.com/babel/babel/tree/master/packages/babel-helper-optimise-call-expression"
"@babel/helper-plugin-utils@7.0.0","MIT","https://github.com/babel/babel/tree/master/packages/babel-helper-plugin-utils"
"@babel/helper-regex@7.0.0","MIT","https://github.com/babel/babel/tree/master/packages/babel-helper-regex"
"@babel/helper-remap-async-to-generator@7.1.0","MIT","https://github.com/babel/babel/tree/master/packages/babel-helper-remap-async-to-generator"
"@babel/helper-replace-supers@7.1.0","MIT","https://github.com/babel/babel/tree/master/packages/babel-helper-replace-supers"
"@babel/helper-simple-access@7.1.0","MIT","https://github.com/babel/babel/tree/master/packages/babel-helper-simple-access"
"@babel/helper-split-export-declaration@7.0.0","MIT","https://github.com/babel/babel/tree/master/packages/babel-helper-split-export-declaration"
"@babel/helper-wrap-function@7.1.0","MIT","https://github.com/babel/babel/tree/master/packages/babel-helper-wrap-function"
"@babel/helpers@7.1.5","MIT","https://github.com/babel/babel/tree/master/packages/babel-helpers"
"@babel/highlight@7.0.0","MIT","https://github.com/babel/babel/tree/master/packages/babel-highlight"
"@babel/parser@7.1.6","MIT","https://github.com/babel/babel/tree/master/packages/babel-parser"
"@babel/plugin-proposal-async-generator-functions@7.1.0","MIT","https://github.com/babel/babel/tree/master/packages/babel-plugin-proposal-async-generator-functions"
"@babel/plugin-proposal-class-properties@7.0.0","MIT","https://github.com/babel/babel/tree/master/packages/babel-plugin-proposal-class-properties"
"@babel/plugin-proposal-json-strings@7.0.0","MIT","https://github.com/babel/babel/tree/master/packages/babel-plugin-proposal-json-strings"
"@babel/plugin-proposal-object-rest-spread@7.0.0","MIT","https://github.com/babel/babel/tree/master/packages/babel-plugin-proposal-object-rest-spread"
"@babel/plugin-proposal-optional-catch-binding@7.0.0","MIT","https://github.com/babel/babel/tree/master/packages/babel-plugin-proposal-optional-catch-binding"
"@babel/plugin-proposal-unicode-property-regex@7.0.0","MIT","https://github.com/babel/babel/tree/master/packages/babel-plugin-proposal-unicode-property-regex"
"@babel/plugin-syntax-async-generators@7.0.0","MIT","https://github.com/babel/babel/tree/master/packages/babel-plugin-syntax-async-generators"
"@babel/plugin-syntax-class-properties@7.0.0","MIT","https://github.com/babel/babel/tree/master/packages/babel-plugin-syntax-class-properties"
"@babel/plugin-syntax-dynamic-import@7.0.0","MIT","https://github.com/babel/babel/tree/master/packages/babel-plugin-syntax-dynamic-import"
"@babel/plugin-syntax-json-strings@7.0.0","MIT","https://github.com/babel/babel/tree/master/packages/babel-plugin-syntax-json-strings"
"@babel/plugin-syntax-jsx@7.0.0","MIT","https://github.com/babel/babel/tree/master/packages/babel-plugin-syntax-jsx"
"@babel/plugin-syntax-object-rest-spread@7.0.0","MIT","https://github.com/babel/babel/tree/master/packages/babel-plugin-syntax-object-rest-spread"
"@babel/plugin-syntax-optional-catch-binding@7.0.0","MIT","https://github.com/babel/babel/tree/master/packages/babel-plugin-syntax-optional-catch-binding"
"@babel/plugin-transform-arrow-functions@7.0.0","MIT","https://github.com/babel/babel/tree/master/packages/babel-plugin-transform-arrow-functions"
"@babel/plugin-transform-async-to-generator@7.1.0","MIT","https://github.com/babel/babel/tree/master/packages/babel-plugin-transform-async-to-generator"
"@babel/plugin-transform-block-scoped-functions@7.0.0","MIT","https://github.com/babel/babel/tree/master/packages/babel-plugin-transform-block-scoped-functions"
"@babel/plugin-transform-block-scoping@7.1.5","MIT","https://github.com/babel/babel/tree/master/packages/babel-plugin-transform-block-scoping"
"@babel/plugin-transform-classes@7.1.0","MIT","https://github.com/babel/babel/tree/master/packages/babel-plugin-transform-classes"
"@babel/plugin-transform-computed-properties@7.0.0","MIT","https://github.com/babel/babel/tree/master/packages/babel-plugin-transform-computed-properties"
"@babel/plugin-transform-destructuring@7.1.3","MIT","https://github.com/babel/babel/tree/master/packages/babel-plugin-transform-destructuring"
"@babel/plugin-transform-dotall-regex@7.0.0","MIT","https://github.com/babel/babel/tree/master/packages/babel-plugin-transform-dotall-regex"
"@babel/plugin-transform-duplicate-keys@7.0.0","MIT","https://github.com/babel/babel/tree/master/packages/babel-plugin-transform-duplicate-keys"
"@babel/plugin-transform-exponentiation-operator@7.1.0","MIT","https://github.com/babel/babel/tree/master/packages/babel-plugin-transform-exponentiation-operator"
"@babel/plugin-transform-for-of@7.0.0","MIT","https://github.com/babel/babel/tree/master/packages/babel-plugin-transform-for-of"
"@babel/plugin-transform-function-name@7.1.0","MIT","https://github.com/babel/babel/tree/master/packages/babel-plugin-transform-function-name"
"@babel/plugin-transform-literals@7.0.0","MIT","https://github.com/babel/babel/tree/master/packages/babel-plugin-transform-literals"
"@babel/plugin-transform-modules-amd@7.1.0","MIT","https://github.com/babel/babel/tree/master/packages/babel-plugin-transform-modules-amd"
"@babel/plugin-transform-modules-commonjs@7.1.0","MIT","https://github.com/babel/babel/tree/master/packages/babel-plugin-transform-modules-commonjs"
"@babel/plugin-transform-modules-systemjs@7.1.3","MIT","https://github.com/babel/babel/tree/master/packages/babel-plugin-transform-modules-systemjs"
"@babel/plugin-transform-modules-umd@7.1.0","MIT","https://github.com/babel/babel/tree/master/packages/babel-plugin-transform-modules-umd"
"@babel/plugin-transform-new-target@7.0.0","MIT","https://github.com/babel/babel/tree/master/packages/babel-plugin-transform-new-target"
"@babel/plugin-transform-object-super@7.1.0","MIT","https://github.com/babel/babel/tree/master/packages/babel-plugin-transform-object-super"
"@babel/plugin-transform-parameters@7.1.0","MIT","https://github.com/babel/babel/tree/master/packages/babel-plugin-transform-parameters"
"@babel/plugin-transform-react-display-name@7.0.0","MIT","https://github.com/babel/babel/tree/master/packages/babel-plugin-transform-react-display-name"
"@babel/plugin-transform-react-jsx-self@7.0.0","MIT","https://github.com/babel/babel/tree/master/packages/babel-plugin-transform-react-jsx-self"
"@babel/plugin-transform-react-jsx-source@7.0.0","MIT","https://github.com/babel/babel/tree/master/packages/babel-plugin-transform-react-jsx-source"
"@babel/plugin-transform-react-jsx@7.1.6","MIT","https://github.com/babel/babel/tree/master/packages/babel-plugin-transform-react-jsx"
"@babel/plugin-transform-regenerator@7.0.0","MIT","https://github.com/babel/babel/tree/master/packages/babel-plugin-transform-regenerator"
"@babel/plugin-transform-runtime@7.0.0","MIT","https://github.com/babel/babel/tree/master/packages/babel-plugin-transform-runtime"
"@babel/plugin-transform-shorthand-properties@7.0.0","MIT","https://github.com/babel/babel/tree/master/packages/babel-plugin-transform-shorthand-properties"
"@babel/plugin-transform-spread@7.0.0","MIT","https://github.com/babel/babel/tree/master/packages/babel-plugin-transform-spread"
"@babel/plugin-transform-sticky-regex@7.0.0","MIT","https://github.com/babel/babel/tree/master/packages/babel-plugin-transform-sticky-regex"
"@babel/plugin-transform-template-literals@7.0.0","MIT","https://github.com/babel/babel/tree/master/packages/babel-plugin-transform-template-literals"
"@babel/plugin-transform-typeof-symbol@7.0.0","MIT","https://github.com/babel/babel/tree/master/packages/babel-plugin-transform-typeof-symbol"
"@babel/plugin-transform-unicode-regex@7.0.0","MIT","https://github.com/babel/babel/tree/master/packages/babel-plugin-transform-unicode-regex"
"@babel/preset-env@7.0.0","MIT","https://github.com/babel/babel/tree/master/packages/babel-preset-env"
"@babel/preset-react@7.0.0","MIT","https://github.com/babel/babel/tree/master/packages/babel-preset-react"
"@babel/runtime-corejs2@7.0.0","MIT","https://github.com/babel/babel/tree/master/packages/babel-runtime-corejs2"
"@babel/runtime@7.0.0","MIT","https://github.com/babel/babel/tree/master/packages/babel-runtime"
"@babel/runtime@7.2.0","MIT","https://github.com/babel/babel/tree/master/packages/babel-runtime"
"@babel/runtime@7.3.4","MIT","https://github.com/babel/babel/tree/master/packages/babel-runtime"
"@babel/runtime@7.4.2","MIT","https://github.com/babel/babel/tree/master/packages/babel-runtime"
"@babel/template@7.0.0","MIT","https://github.com/babel/babel/tree/master/packages/babel-template"
"@babel/template@7.1.2","MIT","https://github.com/babel/babel/tree/master/packages/babel-template"
"@babel/traverse@7.1.6","MIT","https://github.com/babel/babel/tree/master/packages/babel-traverse"
"@babel/types@7.1.6","MIT","https://github.com/babel/babel/tree/master/packages/babel-types"
"@emotion/is-prop-valid@0.6.8","MIT","https://github.com/emotion-js/emotion/tree/master/next-packages/is-prop-valid"
"@emotion/memoize@0.6.6","MIT","https://github.com/emotion-js/emotion/tree/master/next-packages/memoize"
"@emotion/unitless@0.7.3","MIT","https://github.com/emotion-js/emotion/tree/master/packages/unitless"
"@mrmlnc/readdir-enhanced@2.2.1","MIT","https://github.com/bigstickcarpet/readdir-enhanced"
"@next/bundle-analyzer@8.1.0","MIT","https://github.com/zeit/next.js"
"@nodelib/fs.stat@1.1.3","MIT","https://github.com/nodelib/nodelib/tree/master/packages/fs/fs.stat"
"@sentry/browser@5.0.8","BSD-3-Clause","https://github.com/getsentry/sentry-javascript"
"@sentry/core@5.0.8","BSD-3-Clause","https://github.com/getsentry/sentry-javascript"
"@sentry/hub@5.0.8","BSD-3-Clause","https://github.com/getsentry/sentry-javascript"
"@sentry/minimal@5.0.8","BSD-3-Clause","https://github.com/getsentry/sentry-javascript"
"@sentry/types@5.0.6","BSD-3-Clause","https://github.com/getsentry/sentry-javascript"
"@sentry/utils@5.0.8","BSD-3-Clause","https://github.com/getsentry/sentry-javascript"
"@sindresorhus/is@0.7.0","MIT","https://github.com/sindresorhus/is"
"@types/prop-types@15.7.0","MIT","https://github.com/DefinitelyTyped/DefinitelyTyped"
"@types/react@16.8.8","MIT","https://github.com/DefinitelyTyped/DefinitelyTyped"
"@types/zen-observable@0.5.4","MIT","https://github.com/DefinitelyTyped/DefinitelyTyped"
"@webassemblyjs/ast@1.7.8","MIT","https://github.com/xtuc/webassemblyjs"
"@webassemblyjs/floating-point-hex-parser@1.7.8","MIT","https://github.com/xtuc/webassemblyjs"
"@webassemblyjs/helper-api-error@1.7.8","MIT",""
"@webassemblyjs/helper-buffer@1.7.8","MIT","https://github.com/xtuc/webassemblyjs"
"@webassemblyjs/helper-code-frame@1.7.8","MIT","https://github.com/xtuc/webassemblyjs"
"@webassemblyjs/helper-fsm@1.7.8","ISC",""
"@webassemblyjs/helper-module-context@1.7.8","MIT","https://github.com/xtuc/webassemblyjs"
"@webassemblyjs/helper-wasm-bytecode@1.7.8","MIT","https://github.com/xtuc/webassemblyjs"
"@webassemblyjs/helper-wasm-section@1.7.8","MIT","https://github.com/xtuc/webassemblyjs"
"@webassemblyjs/ieee754@1.7.8","MIT",""
"@webassemblyjs/leb128@1.7.8","MIT",""
"@webassemblyjs/utf8@1.7.8","MIT","https://github.com/xtuc/webassemblyjs"
"@webassemblyjs/wasm-edit@1.7.8","MIT","https://github.com/xtuc/webassemblyjs"
"@webassemblyjs/wasm-gen@1.7.8","MIT","https://github.com/xtuc/webassemblyjs"
"@webassemblyjs/wasm-opt@1.7.8","MIT","https://github.com/xtuc/webassemblyjs"
"@webassemblyjs/wasm-parser@1.7.8","MIT","https://github.com/xtuc/webassemblyjs"
"@webassemblyjs/wast-parser@1.7.8","MIT","https://github.com/xtuc/webassemblyjs"
"@webassemblyjs/wast-printer@1.7.8","MIT","https://github.com/xtuc/webassemblyjs"
"@xtuc/ieee754@1.2.0","BSD-3-Clause","https://github.com/feross/ieee754"
"@xtuc/long@4.2.1","Apache-2.0","https://github.com/dcodeIO/long.js"
"abbrev@1.1.1","ISC","https://github.com/isaacs/abbrev-js"
"accepts@1.3.5","MIT","https://github.com/jshttp/accepts"
"acorn-dynamic-import@3.0.0","MIT","https://github.com/kesne/acorn-dynamic-import"
"acorn@5.7.3","MIT","https://github.com/acornjs/acorn"
"ajv-errors@1.0.0","MIT","https://github.com/epoberezkin/ajv-errors"
"ajv-keywords@3.2.0","MIT","https://github.com/epoberezkin/ajv-keywords"
"ajv@6.5.5","MIT","https://github.com/epoberezkin/ajv"
"amazon-cognito-auth-js@1.2.4","Apache-2.0","https://github.com/aws/amazon-cognito-auth-js"
"amazon-cognito-identity-js@3.0.7","Custom: https://github.com/aws-amplify/amplify-js","https://github.com/aws/aws-amplify"
"ansi-colors@3.2.1","MIT","https://github.com/doowb/ansi-colors"
"ansi-escapes@3.1.0","MIT","https://github.com/sindresorhus/ansi-escapes"
"ansi-html@0.0.7","Apache-2.0","https://github.com/Tjatse/ansi-html"
"ansi-regex@2.1.1","MIT","https://github.com/chalk/ansi-regex"
"ansi-regex@3.0.0","MIT","https://github.com/chalk/ansi-regex"
"ansi-styles@2.2.1","MIT","https://github.com/chalk/ansi-styles"
"ansi-styles@3.2.1","MIT","https://github.com/chalk/ansi-styles"
"any-promise@1.3.0","MIT","https://github.com/kevinbeaty/any-promise"
"anymatch@2.0.0","ISC","https://github.com/micromatch/anymatch"
"aproba@1.2.0","ISC","https://github.com/iarna/aproba"
"arch@2.1.1","MIT","https://github.com/feross/arch"
"archive-type@4.0.0","MIT","https://github.com/kevva/archive-type"
"are-we-there-yet@1.1.5","ISC","https://github.com/iarna/are-we-there-yet"
"arr-diff@4.0.0","MIT","https://github.com/jonschlinkert/arr-diff"
"arr-flatten@1.1.0","MIT","https://github.com/jonschlinkert/arr-flatten"
"arr-union@3.1.0","MIT","https://github.com/jonschlinkert/arr-union"
"array-differ@1.0.0","MIT","https://github.com/sindresorhus/array-differ"
"array-filter@0.0.1","MIT","https://github.com/juliangruber/array-filter"
"array-find-index@1.0.2","MIT","https://github.com/sindresorhus/array-find-index"
"array-flatten@1.1.1","MIT","https://github.com/blakeembrey/array-flatten"
"array-map@0.0.0","MIT","https://github.com/substack/array-map"
"array-reduce@0.0.0","MIT","https://github.com/substack/array-reduce"
"array-union@1.0.2","MIT","https://github.com/sindresorhus/array-union"
"array-uniq@1.0.3","MIT","https://github.com/sindresorhus/array-uniq"
"array-uniq@2.1.0","MIT","https://github.com/sindresorhus/array-uniq"
"array-unique@0.3.2","MIT","https://github.com/jonschlinkert/array-unique"
"arrify@1.0.1","MIT","https://github.com/sindresorhus/arrify"
"asap@2.0.6","MIT","https://github.com/kriskowal/asap"
"asn1.js@4.10.1","MIT","https://github.com/indutny/asn1.js"
"assert@1.4.1","MIT","https://github.com/defunctzombie/commonjs-assert"
"assign-symbols@1.0.0","MIT","https://github.com/jonschlinkert/assign-symbols"
"async-each@1.0.1","MIT","https://github.com/paulmillr/async-each"
"async-limiter@1.0.0","MIT","https://github.com/strml/async-limiter"
"atob@2.1.2","(MIT OR Apache-2.0)","git://git.coolaj86.com/coolaj86/atob.js"
"attr-accept@1.1.3","MIT","https://github.com/okonet/attr-accept"
"autodll-webpack-plugin@0.4.2","MIT","https://github.com/asfktz/autodll-webpack-plugin"
"aws-amplify-react@2.3.0","Apache-2.0","https://github.com/aws/aws-amplify"
"aws-amplify@1.1.19","Apache-2.0","https://github.com/aws/aws-amplify"
"aws-sdk@2.329.0","Apache-2.0","https://github.com/aws/aws-sdk-js"
"axios@0.17.1","MIT","https://github.com/axios/axios"
"axios@0.18.0","MIT","https://github.com/axios/axios"
"babel-core@7.0.0-bridge.0","MIT",""
"babel-loader@8.0.2","MIT","https://github.com/babel/babel-loader"
"babel-plugin-react-require@3.0.0","MIT","https://github.com/vslinko/babel-plugin-react-require"
"babel-plugin-styled-components@1.9.1","MIT","https://github.com/styled-components/babel-plugin-styled-components"
"babel-plugin-syntax-jsx@6.18.0","MIT","https://github.com/babel/babel/tree/master/packages/babel-plugin-syntax-jsx"
"babel-plugin-transform-react-remove-prop-types@0.4.15","MIT","https://github.com/oliviertassinari/babel-plugin-transform-react-remove-prop-types"
"babel-runtime@6.26.0","MIT","https://github.com/babel/babel/tree/master/packages/babel-runtime"
"babel-types@6.26.0","MIT","https://github.com/babel/babel/tree/master/packages/babel-types"
"balanced-match@1.0.0","MIT","https://github.com/juliangruber/balanced-match"
"base64-js@1.3.0","MIT","https://github.com/beatgammit/base64-js"
"base@0.11.2","MIT","https://github.com/node-base/base"
"bfj@6.1.1","MIT","git+https://gitlab.com/philbooth/bfj"
"big.js@3.2.0","MIT","https://github.com/MikeMcl/big.js"
"bin-build@3.0.0","MIT","https://github.com/kevva/bin-build"
"bin-check@4.1.0","MIT","https://github.com/kevva/bin-check"
"bin-version-check@4.0.0","MIT","https://github.com/sindresorhus/bin-version-check"
"bin-version@3.1.0","MIT","https://github.com/sindresorhus/bin-version"
"bin-wrapper@4.1.0","MIT","https://github.com/kevva/bin-wrapper"
"binary-extensions@1.12.0","MIT","https://github.com/sindresorhus/binary-extensions"
"bl@1.2.2","MIT","https://github.com/rvagg/bl"
"bluebird@3.5.3","MIT","https://github.com/petkaantonov/bluebird"
"blueimp-canvas-to-blob@3.14.0","MIT","https://github.com/blueimp/JavaScript-Canvas-to-Blob"
"bn.js@4.11.8","MIT","https://github.com/indutny/bn.js"
"body-parser@1.18.3","MIT","https://github.com/expressjs/body-parser"
"brace-expansion@1.1.11","MIT","https://github.com/juliangruber/brace-expansion"
"braces@2.3.2","MIT","https://github.com/micromatch/braces"
"brorand@1.1.0","MIT","https://github.com/indutny/brorand"
"browserify-aes@1.2.0","MIT","https://github.com/crypto-browserify/browserify-aes"
"browserify-cipher@1.0.1","MIT","https://github.com/crypto-browserify/browserify-cipher"
"browserify-des@1.0.2","MIT","https://github.com/crypto-browserify/browserify-des"
"browserify-rsa@4.0.1","MIT","https://github.com/crypto-browserify/browserify-rsa"
"browserify-sign@4.0.4","ISC","https://github.com/crypto-browserify/browserify-sign"
"browserify-zlib@0.2.0","MIT","https://github.com/devongovett/browserify-zlib"
"browserslist@4.3.4","MIT","https://github.com/browserslist/browserslist"
"buffer-alloc-unsafe@1.1.0","MIT","https://github.com/LinusU/buffer-alloc-unsafe"
"buffer-alloc@1.2.0","MIT","https://github.com/LinusU/buffer-alloc"
"buffer-crc32@0.2.13","MIT","https://github.com/brianloveswords/buffer-crc32"
"buffer-fill@1.0.0","MIT","https://github.com/LinusU/buffer-fill"
"buffer-from@1.1.1","MIT","https://github.com/LinusU/buffer-from"
"buffer-xor@1.0.3","MIT","https://github.com/crypto-browserify/buffer-xor"
"buffer@4.9.1","MIT","https://github.com/feross/buffer"
"buffer@5.2.1","MIT","https://github.com/feross/buffer"
"builtin-modules@1.1.1","MIT","https://github.com/sindresorhus/builtin-modules"
"builtin-status-codes@3.0.0","MIT","https://github.com/bendrucker/builtin-status-codes"
"bytes@3.0.0","MIT","https://github.com/visionmedia/bytes.js"
"cacache@10.0.4","ISC","https://github.com/zkat/cacache"
"cacache@11.3.1","ISC","https://github.com/zkat/cacache"
"cache-base@1.0.1","MIT","https://github.com/jonschlinkert/cache-base"
"cacheable-request@2.1.4","MIT","https://github.com/lukechilds/cacheable-request"
"call-me-maybe@1.0.1","MIT","https://github.com/limulus/call-me-maybe"
"camelcase-keys@2.1.0","MIT","https://github.com/sindresorhus/camelcase-keys"
"camelcase@2.1.1","MIT","https://github.com/sindresorhus/camelcase"
"caniuse-lite@1.0.30000910","CC-BY-4.0","https://github.com/ben-eb/caniuse-lite"
"case-sensitive-paths-webpack-plugin@2.1.2","MIT","https://github.com/Urthen/case-sensitive-paths-webpack-plugin"
"caw@2.0.1","MIT","https://github.com/kevva/caw"
"chalk@1.1.3","MIT","https://github.com/chalk/chalk"
"chalk@2.4.1","MIT","https://github.com/chalk/chalk"
"check-types@7.4.0","MIT","git+https://gitlab.com/philbooth/check-types.js"
"chokidar@2.0.4","MIT","https://github.com/paulmillr/chokidar"
"chownr@1.1.1","ISC","https://github.com/isaacs/chownr"
"chrome-trace-event@1.0.0","MIT","github.com:samccone/chrome-trace-event"
"ci-info@1.6.0","MIT","https://github.com/watson/ci-info"
"cipher-base@1.0.4","MIT","https://github.com/crypto-browserify/cipher-base"
"class-utils@0.3.6","MIT","https://github.com/jonschlinkert/class-utils"
"classnames@2.2.6","MIT","https://github.com/JedWatson/classnames"
"cli-cursor@2.1.0","MIT","https://github.com/sindresorhus/cli-cursor"
"clone-response@1.0.2","MIT","https://github.com/lukechilds/clone-response"
"code-point-at@1.1.0","MIT","https://github.com/sindresorhus/code-point-at"
"collection-visit@1.0.0","MIT","https://github.com/jonschlinkert/collection-visit"
"color-convert@1.9.3","MIT","https://github.com/Qix-/color-convert"
"color-name@1.1.3","MIT","https://github.com/dfcreative/color-name"
"commander@2.13.0","MIT","https://github.com/tj/commander.js"
"commander@2.17.1","MIT","https://github.com/tj/commander.js"
"commander@2.20.0","MIT","https://github.com/tj/commander.js"
"commander@2.8.1","MIT","https://github.com/tj/commander.js"
"commondir@1.0.1","MIT","https://github.com/substack/node-commondir"
"component-emitter@1.2.1","MIT","https://github.com/component/emitter"
"compressible@2.0.17","MIT","https://github.com/jshttp/compressible"
"compression@1.7.4","MIT","https://github.com/expressjs/compression"
"compressorjs@1.0.5","MIT","https://github.com/fengyuanchen/compressorjs"
"concat-map@0.0.1","MIT","https://github.com/substack/node-concat-map"
"concat-stream@1.6.2","MIT","https://github.com/maxogden/concat-stream"
"config-chain@1.1.12","MIT","https://github.com/dominictarr/config-chain"
"consola@1.4.5","MIT","https://github.com/nuxt/consola"
"console-browserify@1.1.0","MIT","https://github.com/Raynos/console-browserify"
"console-control-strings@1.1.0","ISC","https://github.com/iarna/console-control-strings"
"console-stream@0.1.1","MIT","https://github.com/Raynos/console-stream"
"constants-browserify@1.0.0","MIT","https://github.com/juliangruber/constants-browserify"
"content-disposition@0.5.2","MIT","https://github.com/jshttp/content-disposition"
"content-type@1.0.4","MIT","https://github.com/jshttp/content-type"
"convert-source-map@1.5.1","MIT","https://github.com/thlorenz/convert-source-map"
"convert-source-map@1.6.0","MIT","https://github.com/thlorenz/convert-source-map"
"cookie-signature@1.0.6","MIT","https://github.com/visionmedia/node-cookie-signature"
"cookie@0.3.1","MIT","https://github.com/jshttp/cookie"
"copy-concurrently@1.0.5","ISC","https://github.com/npm/copy-concurrently"
"copy-descriptor@0.1.1","MIT","https://github.com/jonschlinkert/copy-descriptor"
"core-js@1.2.7","MIT","https://github.com/zloirock/core-js"
"core-js@2.5.7","MIT","https://github.com/zloirock/core-js"
"core-util-is@1.0.2","MIT","https://github.com/isaacs/core-util-is"
"create-ecdh@4.0.3","MIT","https://github.com/crypto-browserify/createECDH"
"create-hash@1.2.0","MIT","https://github.com/crypto-browserify/createHash"
"create-hmac@1.1.7","MIT","https://github.com/crypto-browserify/createHmac"
"create-react-context@0.2.2","MIT","https://github.com/thejameskyle/create-react-context"
"cross-spawn@5.1.0","MIT","https://github.com/IndigoUnited/node-cross-spawn"
"cross-spawn@6.0.5","MIT","https://github.com/moxystudio/node-cross-spawn"
"crypto-browserify@3.12.0","MIT","https://github.com/crypto-browserify/crypto-browserify"
"crypto-js@3.1.9-1","MIT","https://github.com/brix/crypto-js"
"css-color-keywords@1.0.0","ISC","https://github.com/sonicdoe/css-color-keywords"
"css-to-react-native@2.2.2","MIT","https://github.com/styled-components/css-to-react-native"
"csstype@2.6.3","MIT","https://github.com/frenic/csstype"
"currently-unhandled@0.4.1","MIT","https://github.com/jamestalmage/currently-unhandled"
"cyclist@0.2.2","MIT*","https://github.com/mafintosh/cyclist"
"date-now@0.1.4","MIT","https://github.com/Colingo/date-now"
"debug@2.6.9","MIT","https://github.com/visionmedia/debug"
"debug@3.2.6","MIT","https://github.com/visionmedia/debug"
"debug@4.1.0","MIT","https://github.com/visionmedia/debug"
"decamelize@1.2.0","MIT","https://github.com/sindresorhus/decamelize"
"decode-uri-component@0.2.0","MIT","https://github.com/SamVerschueren/decode-uri-component"
"decompress-response@3.3.0","MIT","https://github.com/sindresorhus/decompress-response"
"decompress-tar@4.1.1","MIT","https://github.com/kevva/decompress-tar"
"decompress-tarbz2@4.1.1","MIT","https://github.com/kevva/decompress-tarbz2"
"decompress-targz@4.1.1","MIT","https://github.com/kevva/decompress-targz"
"decompress-unzip@4.0.1","MIT","https://github.com/kevva/decompress-unzip"
"decompress@4.2.0","MIT","https://github.com/kevva/decompress"
"deep-diff@0.3.8","MIT","https://github.com/flitbit/diff"
"deep-extend@0.6.0","MIT","https://github.com/unclechu/node-deep-extend"
"define-properties@1.1.3","MIT","https://github.com/ljharb/define-properties"
"define-property@0.2.5","MIT","https://github.com/jonschlinkert/define-property"
"define-property@1.0.0","MIT","https://github.com/jonschlinkert/define-property"
"define-property@2.0.2","MIT","https://github.com/jonschlinkert/define-property"
"del@2.2.2","MIT","https://github.com/sindresorhus/del"
"del@3.0.0","MIT","https://github.com/sindresorhus/del"
"delegates@1.0.0","MIT","https://github.com/visionmedia/node-delegates"
"depd@1.1.1","MIT","https://github.com/dougwilson/nodejs-depd"
"depd@1.1.2","MIT","https://github.com/dougwilson/nodejs-depd"
"des.js@1.0.0","MIT","https://github.com/indutny/des.js"
"destroy@1.0.4","MIT","https://github.com/stream-utils/destroy"
"detect-libc@1.0.3","Apache-2.0","https://github.com/lovell/detect-libc"
"diffie-hellman@5.0.3","MIT","https://github.com/crypto-browserify/diffie-hellman"
"dir-glob@2.0.0","MIT","https://github.com/kevva/dir-glob"
"dom-helpers@3.4.0","MIT","https://github.com/jquense/dom-helpers"
"domain-browser@1.2.0","MIT","https://github.com/bevry/domain-browser"
"download@6.2.5","MIT","https://github.com/kevva/download"
"download@7.1.0","MIT","https://github.com/kevva/download"
"duplexer3@0.1.4","BSD-3-Clause","https://github.com/floatdrop/duplexer3"
"duplexer@0.1.1","MIT","https://github.com/Raynos/duplexer"
"duplexify@3.6.1","MIT","https://github.com/mafintosh/duplexify"
"ee-first@1.1.1","MIT","https://github.com/jonathanong/ee-first"
"ejs@2.6.1","Apache-2.0","https://github.com/mde/ejs"
"electron-to-chromium@1.3.84","ISC","https://github.com/kilian/electron-to-chromium"
"elliptic@6.4.1","MIT","https://github.com/indutny/elliptic"
"emitter-mixin@0.0.3","MIT","https://github.com/yields/emitter-mixin"
"emojis-list@2.1.0","MIT","https://github.com/kikobeats/emojis-list"
"encodeurl@1.0.2","MIT","https://github.com/pillarjs/encodeurl"
"encoding@0.1.12","MIT","https://github.com/andris9/encoding"
"end-of-stream@1.4.1","MIT","https://github.com/mafintosh/end-of-stream"
"enhanced-resolve@4.1.0","MIT","https://github.com/webpack/enhanced-resolve"
"errno@0.1.7","MIT","https://github.com/rvagg/node-errno"
"error-ex@1.3.2","MIT","https://github.com/qix-/node-error-ex"
"error-stack-parser@2.0.2","MIT","https://github.com/stacktracejs/error-stack-parser"
"es-abstract@1.12.0","MIT","https://github.com/ljharb/es-abstract"
"es-to-primitive@1.2.0","MIT","https://github.com/ljharb/es-to-primitive"
"escape-html@1.0.3","MIT","https://github.com/component/escape-html"
"escape-string-regexp@1.0.5","MIT","https://github.com/sindresorhus/escape-string-regexp"
"eslint-scope@4.0.0","BSD-2-Clause","https://github.com/eslint/eslint-scope"
"esrecurse@4.2.1","BSD-2-Clause","https://github.com/estools/esrecurse"
"estraverse@4.2.0","BSD-2-Clause","https://github.com/estools/estraverse"
"esutils@2.0.2","BSD","https://github.com/estools/esutils"
"etag@1.8.1","MIT","https://github.com/jshttp/etag"
"event-source-polyfill@0.0.12","MIT","https://github.com/Yaffle/EventSource"
"events@1.1.1","MIT","https://github.com/Gozala/events"
"evp_bytestokey@1.0.3","MIT","https://github.com/crypto-browserify/EVP_BytesToKey"
"execa@0.7.0","MIT","https://github.com/sindresorhus/execa"
"execa@1.0.0","MIT","https://github.com/sindresorhus/execa"
"executable@4.1.1","MIT","https://github.com/kevva/executable"
"expand-brackets@2.1.4","MIT","https://github.com/jonschlinkert/expand-brackets"
"express@4.16.4","MIT","https://github.com/expressjs/express"
"ext-list@2.2.2","MIT","https://github.com/kevva/ext-list"
"ext-name@5.0.0","MIT","https://github.com/kevva/ext-name"
"extend-shallow@2.0.1","MIT","https://github.com/jonschlinkert/extend-shallow"
"extend-shallow@3.0.2","MIT","https://github.com/jonschlinkert/extend-shallow"
"extglob@2.0.4","MIT","https://github.com/micromatch/extglob"
"fast-deep-equal@2.0.1","MIT","https://github.com/epoberezkin/fast-deep-equal"
"fast-glob@2.2.7","MIT","https://github.com/mrmlnc/fast-glob"
"fast-json-stable-stringify@2.0.0","MIT","https://github.com/epoberezkin/fast-json-stable-stringify"
"fbjs@0.8.17","MIT","https://github.com/facebook/fbjs"
"fd-slicer@1.1.0","MIT","https://github.com/andrewrk/node-fd-slicer"
"figgy-pudding@3.5.1","ISC","https://github.com/zkat/figgy-pudding"
"figures@1.7.0","MIT","https://github.com/sindresorhus/figures"
"figures@2.0.0","MIT","https://github.com/sindresorhus/figures"
"file-selector@0.1.10","MIT",""
"file-type@10.11.0","MIT","https://github.com/sindresorhus/file-type"
"file-type@3.9.0","MIT","https://github.com/sindresorhus/file-type"
"file-type@4.4.0","MIT","https://github.com/sindresorhus/file-type"
"file-type@5.2.0","MIT","https://github.com/sindresorhus/file-type"
"file-type@6.2.0","MIT","https://github.com/sindresorhus/file-type"
"file-type@8.1.0","MIT","https://github.com/sindresorhus/file-type"
"filename-reserved-regex@2.0.0","MIT","https://github.com/sindresorhus/filename-reserved-regex"
"filenamify@2.1.0","MIT","https://github.com/sindresorhus/filenamify"
"filesize@3.6.1","BSD-3-Clause","https://github.com/avoidwork/filesize.js"
"fill-range@4.0.0","MIT","https://github.com/jonschlinkert/fill-range"
"finalhandler@1.1.1","MIT","https://github.com/pillarjs/finalhandler"
"find-cache-dir@1.0.0","MIT","https://github.com/avajs/find-cache-dir"
"find-cache-dir@2.0.0","MIT","https://github.com/avajs/find-cache-dir"
"find-up@1.1.2","MIT","https://github.com/sindresorhus/find-up"
"find-up@2.1.0","MIT","https://github.com/sindresorhus/find-up"
"find-up@3.0.0","MIT","https://github.com/sindresorhus/find-up"
"find-versions@3.1.0","MIT","https://github.com/sindresorhus/find-versions"
"flush-write-stream@1.0.3","MIT","https://github.com/mafintosh/flush-write-stream"
"follow-redirects@1.7.0","MIT","https://github.com/follow-redirects/follow-redirects"
"for-in@1.0.2","MIT","https://github.com/jonschlinkert/for-in"
"forwarded@0.1.2","MIT","https://github.com/jshttp/forwarded"
"fragment-cache@0.2.1","MIT","https://github.com/jonschlinkert/fragment-cache"
"fresh@0.5.2","MIT","https://github.com/jshttp/fresh"
"friendly-errors-webpack-plugin@1.7.0","MIT","https://github.com/geowarin/friendly-errors-webpack-plugin"
"from2@2.3.0","MIT","https://github.com/hughsk/from2"
"fs-constants@1.0.0","MIT","https://github.com/mafintosh/fs-constants"
"fs-minipass@1.2.5","ISC","https://github.com/npm/fs-minipass"
"fs-write-stream-atomic@1.0.10","ISC","https://github.com/npm/fs-write-stream-atomic"
"fs.realpath@1.0.0","ISC","https://github.com/isaacs/fs.realpath"
"fsevents@1.2.7","MIT","https://github.com/strongloop/fsevents"
"function-bind@1.1.1","MIT","https://github.com/Raynos/function-bind"
"gauge@2.7.4","ISC","https://github.com/iarna/gauge"
"get-proxy@2.1.0","MIT","https://github.com/kevva/get-proxy"
"get-stdin@4.0.1","MIT","https://github.com/sindresorhus/get-stdin"
"get-stream@2.3.1","MIT","https://github.com/sindresorhus/get-stream"
"get-stream@3.0.0","MIT","https://github.com/sindresorhus/get-stream"
"get-stream@4.1.0","MIT","https://github.com/sindresorhus/get-stream"
"get-value@2.0.6","MIT","https://github.com/jonschlinkert/get-value"
"glob-parent@3.1.0","ISC","https://github.com/es128/glob-parent"
"glob-to-regexp@0.3.0","BSD*","https://github.com/fitzgen/glob-to-regexp"
"glob@7.1.2","ISC","https://github.com/isaacs/node-glob"
"glob@7.1.3","ISC","https://github.com/isaacs/node-glob"
"globals@11.9.0","MIT","https://github.com/sindresorhus/globals"
"globby@5.0.0","MIT","https://github.com/sindresorhus/globby"
"globby@6.1.0","MIT","https://github.com/sindresorhus/globby"
"globby@8.0.2","MIT","https://github.com/sindresorhus/globby"
"got@7.1.0","MIT","https://github.com/sindresorhus/got"
"got@8.3.2","MIT","https://github.com/sindresorhus/got"
"graceful-fs@4.1.15","ISC","https://github.com/isaacs/node-graceful-fs"
"graceful-readlink@1.0.1","MIT","https://github.com/zhiyelee/graceful-readlink"
"graphql@0.13.0","MIT","https://github.com/graphql/graphql-js"
"gud@1.0.0","MIT","https://github.com/jamiebuilds/global-unique-id"
"gzip-size@5.1.1","MIT","https://github.com/sindresorhus/gzip-size"
"has-ansi@2.0.0","MIT","https://github.com/sindresorhus/has-ansi"
"has-flag@3.0.0","MIT","https://github.com/sindresorhus/has-flag"
"has-symbol-support-x@1.4.2","MIT","https://github.com/Xotic750/has-symbol-support-x"
"has-symbols@1.0.0","MIT","https://github.com/ljharb/has-symbols"
"has-to-string-tag-x@1.4.1","MIT","https://github.com/Xotic750/has-to-string-tag-x"
"has-unicode@2.0.1","ISC","https://github.com/iarna/has-unicode"
"has-value@0.3.1","MIT","https://github.com/jonschlinkert/has-value"
"has-value@1.0.0","MIT","https://github.com/jonschlinkert/has-value"
"has-values@0.1.4","MIT","https://github.com/jonschlinkert/has-values"
"has-values@1.0.0","MIT","https://github.com/jonschlinkert/has-values"
"has@1.0.3","MIT","https://github.com/tarruda/has"
"hash-base@3.0.4","MIT","https://github.com/crypto-browserify/hash-base"
"hash.js@1.1.5","MIT","https://github.com/indutny/hash.js"
"hmac-drbg@1.0.1","MIT","https://github.com/indutny/hmac-drbg"
"hoist-non-react-statics@2.5.5","BSD-3-Clause","https://github.com/mridgway/hoist-non-react-statics"
"hoist-non-react-statics@3.2.1","BSD-3-Clause","https://github.com/mridgway/hoist-non-react-statics"
"hoopy@0.1.4","MIT","git+https://gitlab.com/philbooth/hoopy"
"hosted-git-info@2.7.1","ISC","https://github.com/npm/hosted-git-info"
"html-entities@1.2.1","MIT","https://github.com/mdevils/node-html-entities"
"htmlescape@1.1.1","MIT","https://github.com/zertosh/htmlescape"
"http-cache-semantics@3.8.1","BSD-2-Clause","https://github.com/pornel/http-cache-semantics"
"http-errors@1.6.2","MIT","https://github.com/jshttp/http-errors"
"http-errors@1.6.3","MIT","https://github.com/jshttp/http-errors"
"http-status@1.0.1","BSD-3-Clause","https://github.com/wdavidw/node-http-status"
"https-browserify@1.0.0","MIT","https://github.com/substack/https-browserify"
"iconv-lite@0.4.23","MIT","https://github.com/ashtuchkin/iconv-lite"
"iconv-lite@0.4.24","MIT","https://github.com/ashtuchkin/iconv-lite"
"ieee754@1.1.12","BSD-3-Clause","https://github.com/feross/ieee754"
"ieee754@1.1.8","BSD-3-Clause","https://github.com/feross/ieee754"
"iferr@0.1.5","MIT","https://github.com/shesek/iferr"
"ignore-walk@3.0.1","ISC","https://github.com/isaacs/ignore-walk"
"ignore@3.3.10","MIT","https://github.com/kaelzhang/node-ignore"
"imagemin-mozjpeg@8.0.0","MIT","https://github.com/imagemin/imagemin-mozjpeg"
"imagemin@6.1.0","MIT","https://github.com/imagemin/imagemin"
"import-lazy@3.1.0","MIT","https://github.com/sindresorhus/import-lazy"
"imurmurhash@0.1.4","MIT","https://github.com/jensyt/imurmurhash-js"
"indent-string@2.1.0","MIT","https://github.com/sindresorhus/indent-string"
"indexof@0.0.1","MIT*",""
"inflight@1.0.6","ISC","https://github.com/npm/inflight"
"inherits@2.0.1","ISC","https://github.com/isaacs/inherits"
"inherits@2.0.3","ISC","https://github.com/isaacs/inherits"
"ini@1.3.5","ISC","https://github.com/isaacs/ini"
"into-stream@3.1.0","MIT","https://github.com/sindresorhus/into-stream"
"invariant@2.2.4","MIT","https://github.com/zertosh/invariant"
"ipaddr.js@1.8.0","MIT","https://github.com/whitequark/ipaddr.js"
"is-accessor-descriptor@0.1.6","MIT","https://github.com/jonschlinkert/is-accessor-descriptor"
"is-accessor-descriptor@1.0.0","MIT","https://github.com/jonschlinkert/is-accessor-descriptor"
"is-arrayish@0.2.1","MIT","https://github.com/qix-/node-is-arrayish"
"is-binary-path@1.0.1","MIT","https://github.com/sindresorhus/is-binary-path"
"is-blob@2.0.1","MIT","https://github.com/sindresorhus/is-blob"
"is-buffer@1.1.6","MIT","https://github.com/feross/is-buffer"
"is-builtin-module@1.0.0","MIT","https://github.com/sindresorhus/is-builtin-module"
"is-callable@1.1.4","MIT","https://github.com/ljharb/is-callable"
"is-ci@1.2.1","MIT","https://github.com/watson/is-ci"
"is-data-descriptor@0.1.4","MIT","https://github.com/jonschlinkert/is-data-descriptor"
"is-data-descriptor@1.0.0","MIT","https://github.com/jonschlinkert/is-data-descriptor"
"is-date-object@1.0.1","MIT","https://github.com/ljharb/is-date-object"
"is-descriptor@0.1.6","MIT","https://github.com/jonschlinkert/is-descriptor"
"is-descriptor@1.0.2","MIT","https://github.com/jonschlinkert/is-descriptor"
"is-extendable@0.1.1","MIT","https://github.com/jonschlinkert/is-extendable"
"is-extendable@1.0.1","MIT","https://github.com/jonschlinkert/is-extendable"
"is-extglob@2.1.1","MIT","https://github.com/jonschlinkert/is-extglob"
"is-finite@1.0.2","MIT","https://github.com/sindresorhus/is-finite"
"is-fullwidth-code-point@1.0.0","MIT","https://github.com/sindresorhus/is-fullwidth-code-point"
"is-fullwidth-code-point@2.0.0","MIT","https://github.com/sindresorhus/is-fullwidth-code-point"
"is-glob@3.1.0","MIT","https://github.com/jonschlinkert/is-glob"
"is-glob@4.0.0","MIT","https://github.com/jonschlinkert/is-glob"
"is-jpg@2.0.0","MIT","https://github.com/sindresorhus/is-jpg"
"is-natural-number@4.0.1","MIT","https://github.com/shinnn/is-natural-number.js"
"is-number@3.0.0","MIT","https://github.com/jonschlinkert/is-number"
"is-object@1.0.1","MIT","https://github.com/ljharb/is-object"
"is-path-cwd@1.0.0","MIT","https://github.com/sindresorhus/is-path-cwd"
"is-path-in-cwd@1.0.1","MIT","https://github.com/sindresorhus/is-path-in-cwd"
"is-path-inside@1.0.1","MIT","https://github.com/sindresorhus/is-path-inside"
"is-plain-obj@1.1.0","MIT","https://github.com/sindresorhus/is-plain-obj"
"is-plain-object@2.0.4","MIT","https://github.com/jonschlinkert/is-plain-object"
"is-regex@1.0.4","MIT","https://github.com/ljharb/is-regex"
"is-retry-allowed@1.1.0","MIT","https://github.com/floatdrop/is-retry-allowed"
"is-stream@1.1.0","MIT","https://github.com/sindresorhus/is-stream"
"is-symbol@1.0.2","MIT","https://github.com/ljharb/is-symbol"
"is-utf8@0.2.1","MIT","https://github.com/wayfind/is-utf8"
"is-windows@1.0.2","MIT","https://github.com/jonschlinkert/is-windows"
"isarray@1.0.0","MIT","https://github.com/juliangruber/isarray"
"isexe@2.0.0","ISC","https://github.com/isaacs/isexe"
"isobject@2.1.0","MIT","https://github.com/jonschlinkert/isobject"
"isobject@3.0.1","MIT","https://github.com/jonschlinkert/isobject"
"isomorphic-fetch@2.2.1","MIT","https://github.com/matthew-andrews/isomorphic-fetch"
"isomorphic-unfetch@3.0.0","MIT*","https://github.com/developit/unfetch"
"isurl@1.0.0","MIT","https://github.com/stevenvachon/isurl"
"iterall@1.1.4","MIT","https://github.com/leebyron/iterall"
"jmespath@0.15.0","Apache 2.0","https://github.com/jmespath/jmespath.js"
"js-cookie@2.2.0","MIT","https://github.com/js-cookie/js-cookie"
"js-levenshtein@1.1.4","MIT","https://github.com/gustf/js-levenshtein"
"js-tokens@4.0.0","MIT","https://github.com/lydell/js-tokens"
"jsesc@0.5.0","MIT","https://github.com/mathiasbynens/jsesc"
"jsesc@2.5.2","MIT","https://github.com/mathiasbynens/jsesc"
"json-buffer@3.0.0","MIT","https://github.com/dominictarr/json-buffer"
"json-parse-better-errors@1.0.2","MIT","https://github.com/zkat/json-parse-better-errors"
"json-schema-traverse@0.4.1","MIT","https://github.com/epoberezkin/json-schema-traverse"
"json5@0.5.1","MIT","https://github.com/aseemk/json5"
"jsonify@0.0.0","Public Domain","https://github.com/substack/jsonify"
"junk@1.0.3","MIT","https://github.com/sindresorhus/junk"
"keycode@2.2.0","MIT","https://github.com/timoxley/keycode"
"keyv@3.0.0","MIT","https://github.com/lukechilds/keyv"
"kind-of@3.2.2","MIT","https://github.com/jonschlinkert/kind-of"
"kind-of@4.0.0","MIT","https://github.com/jonschlinkert/kind-of"
"kind-of@5.1.0","MIT","https://github.com/jonschlinkert/kind-of"
"kind-of@6.0.2","MIT","https://github.com/jonschlinkert/kind-of"
"launch-editor@2.2.1","MIT","https://github.com/yyx990803/launch-editor"
"load-json-file@1.1.0","MIT","https://github.com/sindresorhus/load-json-file"
"load-json-file@2.0.0","MIT","https://github.com/sindresorhus/load-json-file"
"loader-runner@2.3.1","MIT","https://github.com/webpack/loader-runner"
"loader-utils@1.1.0","MIT","https://github.com/webpack/loader-utils"
"locate-path@2.0.0","MIT","https://github.com/sindresorhus/locate-path"
"locate-path@3.0.0","MIT","https://github.com/sindresorhus/locate-path"
"lodash.debounce@4.0.8","MIT","https://github.com/lodash/lodash"
"lodash.isplainobject@4.0.6","MIT","https://github.com/lodash/lodash"
"lodash.throttle@4.1.1","MIT","https://github.com/lodash/lodash"
"lodash@4.17.11","MIT","https://github.com/lodash/lodash"
"log-update@2.3.0","MIT","https://github.com/sindresorhus/log-update"
"logalot@2.1.0","MIT","https://github.com/imagemin/logalot"
"longest@1.0.1","MIT","https://github.com/jonschlinkert/longest"
"loose-envify@1.4.0","MIT","https://github.com/zertosh/loose-envify"
"lottie-web@5.5.1","MIT","https://github.com/airbnb/lottie-web"
"loud-rejection@1.6.0","MIT","https://github.com/sindresorhus/loud-rejection"
"lowercase-keys@1.0.0","MIT","https://github.com/sindresorhus/lowercase-keys"
"lowercase-keys@1.0.1","MIT","https://github.com/sindresorhus/lowercase-keys"
"lpad-align@1.1.2","MIT","https://github.com/kevva/lpad-align"
"lru-cache@4.1.4","ISC","https://github.com/isaacs/node-lru-cache"
"make-dir@1.3.0","MIT","https://github.com/sindresorhus/make-dir"
"map-cache@0.2.2","MIT","https://github.com/jonschlinkert/map-cache"
"map-obj@1.0.1","MIT","https://github.com/sindresorhus/map-obj"
"map-visit@1.0.0","MIT","https://github.com/jonschlinkert/map-visit"
"maximatch@0.1.0","MIT","https://github.com/timkendrick/maximatch"
"md5.js@1.3.5","MIT","https://github.com/crypto-browserify/md5.js"
"media-typer@0.3.0","MIT","https://github.com/jshttp/media-typer"
"memoize-one@4.0.3","MIT","https://github.com/alexreardon/memoize-one"
"memory-fs@0.4.1","MIT","https://github.com/webpack/memory-fs"
"meow@3.7.0","MIT","https://github.com/sindresorhus/meow"
"merge-descriptors@1.0.1","MIT","https://github.com/component/merge-descriptors"
"merge2@1.2.3","MIT","https://github.com/teambition/merge2"
"methods@1.1.2","MIT","https://github.com/jshttp/methods"
"micromatch@3.1.10","MIT","https://github.com/micromatch/micromatch"
"miller-rabin@4.0.1","MIT","https://github.com/indutny/miller-rabin"
"mime-db@1.37.0","MIT","https://github.com/jshttp/mime-db"
"mime-db@1.40.0","MIT","https://github.com/jshttp/mime-db"
"mime-types@2.1.21","MIT","https://github.com/jshttp/mime-types"
"mime@1.4.1","MIT","https://github.com/broofa/node-mime"
"mime@2.4.0","MIT","https://github.com/broofa/node-mime"
"mimic-fn@1.2.0","MIT","https://github.com/sindresorhus/mimic-fn"
"mimic-response@1.0.1","MIT","https://github.com/sindresorhus/mimic-response"
"minimalistic-assert@1.0.1","ISC","https://github.com/calvinmetcalf/minimalistic-assert"
"minimalistic-crypto-utils@1.0.1","MIT","https://github.com/indutny/minimalistic-crypto-utils"
"minimatch@3.0.4","ISC","https://github.com/isaacs/minimatch"
"minimist@0.0.8","MIT","https://github.com/substack/minimist"
"minimist@1.2.0","MIT","https://github.com/substack/minimist"
"minipass@2.3.5","ISC","https://github.com/isaacs/minipass"
"minizlib@1.2.1","MIT","https://github.com/isaacs/minizlib"
"mississippi@2.0.0","BSD-2-Clause","https://github.com/maxogden/mississippi"
"mississippi@3.0.0","BSD-2-Clause","https://github.com/maxogden/mississippi"
"mixin-deep@1.3.1","MIT","https://github.com/jonschlinkert/mixin-deep"
"mkdirp-then@1.2.0","MIT","https://github.com/fs-utils/mkdirp-then"
"mkdirp@0.5.1","MIT","https://github.com/substack/node-mkdirp"
"moment@2.22.2","MIT","https://github.com/moment/moment"
"move-concurrently@1.0.1","ISC","https://github.com/npm/move-concurrently"
"mozjpeg@6.0.1","MIT","https://github.com/imagemin/mozjpeg-bin"
"ms@2.0.0","MIT","https://github.com/zeit/ms"
"ms@2.1.1","MIT","https://github.com/zeit/ms"
"nan@2.13.2","MIT","https://github.com/nodejs/nan"
"nanoid@1.2.1","MIT","https://github.com/ai/nanoid"
"nanomatch@1.2.13","MIT","https://github.com/micromatch/nanomatch"
"needle@2.2.4","MIT","https://github.com/tomas/needle"
"negotiator@0.6.1","MIT","https://github.com/jshttp/negotiator"
"neo-async@2.6.0","MIT","https://github.com/suguru03/neo-async"
"next-redux-wrapper@2.1.0","MIT","https://github.com/kirill-konshin/next-redux-wrapper"
"next@7.0.2","MIT","https://github.com/zeit/next.js"
"nice-try@1.0.5","MIT","https://github.com/electerious/nice-try"
"node-fetch@1.7.3","MIT","https://github.com/bitinn/node-fetch"
"node-fetch@2.3.0","MIT","https://github.com/bitinn/node-fetch"
"node-libs-browser@2.1.0","MIT","https://github.com/webpack/node-libs-browser"
"node-pre-gyp@0.10.3","BSD-3-Clause","https://github.com/mapbox/node-pre-gyp"
"node-releases@1.0.4","CC-BY-4.0","https://github.com/chicoxyzzy/node-releases"
"nopt@4.0.1","ISC","https://github.com/npm/nopt"
"normalize-package-data@2.4.0","BSD-2-Clause","https://github.com/npm/normalize-package-data"
"normalize-path@2.1.1","MIT","https://github.com/jonschlinkert/normalize-path"
"normalize-url@2.0.1","MIT","https://github.com/sindresorhus/normalize-url"
"npm-bundled@1.0.5","ISC","https://github.com/npm/npm-bundled"
"npm-conf@1.1.3","MIT","https://github.com/kevva/npm-conf"
"npm-packlist@1.2.0","ISC","https://github.com/npm/npm-packlist"
"npm-run-path@2.0.2","MIT","https://github.com/sindresorhus/npm-run-path"
"npmlog@4.1.2","ISC","https://github.com/npm/npmlog"
"number-is-nan@1.0.1","MIT","https://github.com/sindresorhus/number-is-nan"
"object-assign@4.1.1","MIT","https://github.com/sindresorhus/object-assign"
"object-copy@0.1.0","MIT","https://github.com/jonschlinkert/object-copy"
"object-keys@1.0.12","MIT","https://github.com/ljharb/object-keys"
"object-visit@1.0.1","MIT","https://github.com/jonschlinkert/object-visit"
"object.assign@4.1.0","MIT","https://github.com/ljharb/object.assign"
"object.getownpropertydescriptors@2.0.3","MIT","https://github.com/ljharb/object.getownpropertydescriptors"
"object.pick@1.3.0","MIT","https://github.com/jonschlinkert/object.pick"
"on-finished@2.3.0","MIT","https://github.com/jshttp/on-finished"
"on-headers@1.0.2","MIT","https://github.com/jshttp/on-headers"
"once@1.4.0","ISC","https://github.com/isaacs/once"
"onetime@2.0.1","MIT","https://github.com/sindresorhus/onetime"
"opener@1.5.1","(WTFPL OR MIT)","https://github.com/domenic/opener"
"os-browserify@0.3.0","MIT","https://github.com/CoderPuppy/os-browserify"
"os-filter-obj@2.0.0","MIT","https://github.com/kevva/os-filter-obj"
"os-homedir@1.0.2","MIT","https://github.com/sindresorhus/os-homedir"
"os-tmpdir@1.0.2","MIT","https://github.com/sindresorhus/os-tmpdir"
"osenv@0.1.5","ISC","https://github.com/npm/osenv"
"p-cancelable@0.3.0","MIT","https://github.com/sindresorhus/p-cancelable"
"p-cancelable@0.4.1","MIT","https://github.com/sindresorhus/p-cancelable"
"p-event@1.3.0","MIT","https://github.com/sindresorhus/p-event"
"p-event@2.3.1","MIT","https://github.com/sindresorhus/p-event"
"p-finally@1.0.0","MIT","https://github.com/sindresorhus/p-finally"
"p-is-promise@1.1.0","MIT","https://github.com/sindresorhus/p-is-promise"
"p-limit@1.3.0","MIT","https://github.com/sindresorhus/p-limit"
"p-limit@2.0.0","MIT","https://github.com/sindresorhus/p-limit"
"p-locate@2.0.0","MIT","https://github.com/sindresorhus/p-locate"
"p-locate@3.0.0","MIT","https://github.com/sindresorhus/p-locate"
"p-map-series@1.0.0","MIT","https://github.com/sindresorhus/p-map-series"
"p-map@1.2.0","MIT","https://github.com/sindresorhus/p-map"
"p-pipe@1.2.0","MIT","https://github.com/sindresorhus/p-pipe"
"p-reduce@1.0.0","MIT","https://github.com/sindresorhus/p-reduce"
"p-timeout@1.2.1","MIT","https://github.com/sindresorhus/p-timeout"
"p-timeout@2.0.1","MIT","https://github.com/sindresorhus/p-timeout"
"p-try@1.0.0","MIT","https://github.com/sindresorhus/p-try"
"p-try@2.0.0","MIT","https://github.com/sindresorhus/p-try"
"pako@1.0.6","(MIT AND Zlib)","https://github.com/nodeca/pako"
"parallel-transform@1.1.0","MIT","https://github.com/mafintosh/parallel-transform"
"parse-asn1@5.1.1","ISC","https://github.com/crypto-browserify/parse-asn1"
"parse-json@2.2.0","MIT","https://github.com/sindresorhus/parse-json"
"parseurl@1.3.2","MIT","https://github.com/pillarjs/parseurl"
"pascalcase@0.1.1","MIT","https://github.com/jonschlinkert/pascalcase"
"path-browserify@0.0.0","MIT","https://github.com/substack/path-browserify"
"path-dirname@1.0.2","MIT","https://github.com/es128/path-dirname"
"path-exists@2.1.0","MIT","https://github.com/sindresorhus/path-exists"
"path-exists@3.0.0","MIT","https://github.com/sindresorhus/path-exists"
"path-is-absolute@1.0.1","MIT","https://github.com/sindresorhus/path-is-absolute"
"path-is-inside@1.0.2","(WTFPL OR MIT)","https://github.com/domenic/path-is-inside"
"path-key@2.0.1","MIT","https://github.com/sindresorhus/path-key"
"path-parse@1.0.6","MIT","https://github.com/jbgutierrez/path-parse"
"path-to-regexp@0.1.7","MIT","https://github.com/component/path-to-regexp"
"path-to-regexp@2.1.0","MIT","https://github.com/pillarjs/path-to-regexp"
"path-type@1.1.0","MIT","https://github.com/sindresorhus/path-type"
"path-type@2.0.0","MIT","https://github.com/sindresorhus/path-type"
"path-type@3.0.0","MIT","https://github.com/sindresorhus/path-type"
"pbkdf2@3.0.17","MIT","https://github.com/crypto-browserify/pbkdf2"
"pend@1.2.0","MIT","https://github.com/andrewrk/node-pend"
"photogrammetry_react@1.0.0","ISC","https://github.com/mani-me/photogrammetry_react"
"pify@2.3.0","MIT","https://github.com/sindresorhus/pify"
"pify@3.0.0","MIT","https://github.com/sindresorhus/pify"
"pify@4.0.1","MIT","https://github.com/sindresorhus/pify"
"pinkie-promise@2.0.1","MIT","https://github.com/floatdrop/pinkie-promise"
"pinkie@2.0.4","MIT","https://github.com/floatdrop/pinkie"
"pkg-dir@2.0.0","MIT","https://github.com/sindresorhus/pkg-dir"
"pkg-dir@3.0.0","MIT","https://github.com/sindresorhus/pkg-dir"
"popper.js@1.14.7","MIT","https://github.com/FezVrasta/popper.js"
"posix-character-classes@0.1.1","MIT","https://github.com/jonschlinkert/posix-character-classes"
"postcss-value-parser@3.3.1","MIT","https://github.com/TrySound/postcss-value-parser"
"prepend-http@1.0.4","MIT","https://github.com/sindresorhus/prepend-http"
"prepend-http@2.0.0","MIT","https://github.com/sindresorhus/prepend-http"
"prettier@1.16.4","MIT","https://github.com/prettier/prettier"
"pretty-time@1.1.0","MIT","https://github.com/jonschlinkert/pretty-time"
"private@0.1.8","MIT","https://github.com/benjamn/private"
"process-nextick-args@2.0.0","MIT","https://github.com/calvinmetcalf/process-nextick-args"
"process@0.11.10","MIT","https://github.com/shtylman/node-process"
"promise-inflight@1.0.1","ISC","https://github.com/iarna/promise-inflight"
"promise@7.3.1","MIT","https://github.com/then/promise"
"prop-types-exact@1.2.0","MIT","https://github.com/airbnb/prop-types-exact"
"prop-types-extra@1.1.0","MIT","https://github.com/react-bootstrap/prop-types-extra"
"prop-types@15.6.2","MIT","https://github.com/facebook/prop-types"
"proto-list@1.2.4","ISC","https://github.com/isaacs/proto-list"
"proxy-addr@2.0.4","MIT","https://github.com/jshttp/proxy-addr"
"prr@1.0.1","MIT","https://github.com/rvagg/prr"
"pseudomap@1.0.2","ISC","https://github.com/isaacs/pseudomap"
"public-encrypt@4.0.3","MIT","https://github.com/crypto-browserify/publicEncrypt"
"pump@2.0.1","MIT","https://github.com/mafintosh/pump"
"pump@3.0.0","MIT","https://github.com/mafintosh/pump"
"pumpify@1.5.1","MIT","https://github.com/mafintosh/pumpify"
"punycode@1.3.2","MIT","https://github.com/bestiejs/punycode.js"
"punycode@1.4.1","MIT","https://github.com/bestiejs/punycode.js"
"punycode@2.1.1","MIT","https://github.com/bestiejs/punycode.js"
"qr.js@0.0.0","MIT","https://github.com/shtylman/qr.js"
"qrcode.react@0.8.0","ISC","https://github.com/zpao/qrcode.react"
"qs@6.5.2","BSD-3-Clause","https://github.com/ljharb/qs"
"qs@6.7.0","BSD-3-Clause","https://github.com/ljharb/qs"
"query-string@5.1.1","MIT","https://github.com/sindresorhus/query-string"
"querystring-es3@0.2.1","MIT","https://github.com/mike-spainhower/querystring"
"querystring@0.2.0","MIT","https://github.com/Gozala/querystring"
"randombytes@2.0.6","MIT","https://github.com/crypto-browserify/randombytes"
"randomfill@1.0.4","MIT","https://github.com/crypto-browserify/randomfill"
"range-parser@1.2.0","MIT","https://github.com/jshttp/range-parser"
"raw-body@2.3.3","MIT","https://github.com/stream-utils/raw-body"
"rc@1.2.8","(BSD-2-Clause OR MIT OR Apache-2.0)","https://github.com/dominictarr/rc"
"react-dom@16.6.3","MIT","https://github.com/facebook/react"
"react-dropzone@9.0.0","MIT","https://github.com/react-dropzone/react-dropzone"
"react-error-overlay@4.0.0","MIT","https://github.com/facebookincubator/create-react-app"
"react-event-listener@0.6.6","MIT","https://github.com/oliviertassinari/react-event-listener"
"react-facebook-login@4.1.1","MIT","https://github.com/keppelen/react-facebook-login"
"react-ga@2.5.7","Apache-2.0","https://github.com/react-ga/react-ga"
"react-google-login@5.0.2","MIT","https://github.com/anthonyjgrove/react-google-login"
"react-is@16.6.3","MIT","https://github.com/facebook/react"
"react-lottie@1.2.3","MIT","https://github.com/chenqingspring/react-lottie"
"react-popper@1.3.3","MIT","https://github.com/souporserious/react-popper"
"react-progressive-image@0.6.0","MIT","https://github.com/FormidableLabs/react-progressive-image"
"react-redux@6.0.0","MIT","https://github.com/reduxjs/react-redux"
"react-scroll@1.7.10","MIT","https://github.com/fisshy/react-scroll"
"react-stripe-elements@2.0.3","MIT","https://github.com/stripe/react-stripe-elements"
"react-swipeable-views-core@0.13.1","MIT","https://github.com/oliviertassinari/react-swipeable-views"
"react-swipeable-views-utils@0.13.1","MIT","https://github.com/oliviertassinari/react-swipeable-views"
"react-swipeable-views@0.13.1","MIT","https://github.com/oliviertassinari/react-swipeable-views"
"react@16.6.3","MIT","https://github.com/facebook/react"
"read-pkg-up@1.0.1","MIT","https://github.com/sindresorhus/read-pkg-up"
"read-pkg@1.1.0","MIT","https://github.com/sindresorhus/read-pkg"
"read-pkg@2.0.0","MIT","https://github.com/sindresorhus/read-pkg"
"readable-stream@2.3.6","MIT","https://github.com/nodejs/readable-stream"
"readdirp@2.2.1","MIT","https://github.com/paulmillr/readdirp"
"recursive-copy@2.0.6","ISC","https://github.com/timkendrick/recursive-copy"
"redent@1.0.0","MIT","https://github.com/sindresorhus/redent"
"redux-logger@3.0.6","MIT","https://github.com/theaqua/redux-logger"
"redux-thunk@2.3.0","MIT","https://github.com/reduxjs/redux-thunk"
"redux@4.0.1","MIT","https://github.com/reduxjs/redux"
"reflect.ownkeys@0.2.0","MIT","https://github.com/glenjamin/Reflect.ownKeys"
"regenerate-unicode-properties@7.0.0","MIT","https://github.com/mathiasbynens/regenerate-unicode-properties"
"regenerate@1.4.0","MIT","https://github.com/mathiasbynens/regenerate"
"regenerator-runtime@0.11.1","MIT","https://github.com/facebook/regenerator/tree/master/packages/regenerator-runtime"
"regenerator-runtime@0.12.1","MIT","https://github.com/facebook/regenerator/tree/master/packages/regenerator-runtime"
"regenerator-runtime@0.13.2","MIT","https://github.com/facebook/regenerator/tree/master/packages/regenerator-runtime"
"regenerator-transform@0.13.3","MIT","https://github.com/facebook/regenerator/tree/master/packages/regenerator-transform"
"regex-not@1.0.2","MIT","https://github.com/jonschlinkert/regex-not"
"regexpu-core@4.2.0","MIT","https://github.com/mathiasbynens/regexpu-core"
"regjsgen@0.4.0","MIT","https://github.com/bnjmnt4n/regjsgen"
"regjsparser@0.3.0","BSD-2-Clause","https://github.com/jviereck/regjsparser"
"remove-trailing-separator@1.1.0","ISC","https://github.com/darsain/remove-trailing-separator"
"repeat-element@1.1.3","MIT","https://github.com/jonschlinkert/repeat-element"
"repeat-string@1.6.1","MIT","https://github.com/jonschlinkert/repeat-string"
"repeating@2.0.1","MIT","https://github.com/sindresorhus/repeating"
"replace-ext@1.0.0","MIT","https://github.com/gulpjs/replace-ext"
"resolve-url@0.2.1","MIT","https://github.com/lydell/resolve-url"
"resolve@1.5.0","MIT","https://github.com/browserify/node-resolve"
"resolve@1.8.1","MIT","https://github.com/browserify/resolve"
"responselike@1.0.2","MIT","https://github.com/lukechilds/responselike"
"restore-cursor@2.0.0","MIT","https://github.com/sindresorhus/restore-cursor"
"ret@0.1.15","MIT","https://github.com/fent/ret.js"
"rimraf@2.6.2","ISC","https://github.com/isaacs/rimraf"
"rimraf@2.6.3","ISC","https://github.com/isaacs/rimraf"
"ripemd160@2.0.2","MIT","https://github.com/crypto-browserify/ripemd160"
"run-queue@1.0.3","ISC","https://github.com/iarna/run-queue"
"safe-buffer@5.1.2","MIT","https://github.com/feross/safe-buffer"
"safe-regex@1.1.0","MIT","https://github.com/substack/safe-regex"
"safer-buffer@2.1.2","MIT","https://github.com/ChALkeR/safer-buffer"
"sax@1.2.1","ISC","https://github.com/isaacs/sax-js"
"sax@1.2.4","ISC","https://github.com/isaacs/sax-js"
"scheduler@0.11.2","MIT","https://github.com/facebook/react"
"schema-utils@0.4.7","MIT","https://github.com/webpack-contrib/schema-utils"
"schema-utils@1.0.0","MIT","https://github.com/webpack-contrib/schema-utils"
"seek-bzip@1.0.5","MIT","https://github.com/cscott/seek-bzip"
"semver-regex@2.0.0","MIT","https://github.com/sindresorhus/semver-regex"
"semver-truncate@1.1.2","MIT","https://github.com/sindresorhus/semver-truncate"
"semver@5.6.0","ISC","https://github.com/npm/node-semver"
"send@0.16.1","MIT","https://github.com/pillarjs/send"
"send@0.16.2","MIT","https://github.com/pillarjs/send"
"serialize-javascript@1.5.0","BSD-3-Clause","https://github.com/yahoo/serialize-javascript"
"serve-static@1.13.2","MIT","https://github.com/expressjs/serve-static"
"set-blocking@2.0.0","ISC","https://github.com/yargs/set-blocking"
"set-value@0.4.3","MIT","https://github.com/jonschlinkert/set-value"
"set-value@2.0.0","MIT","https://github.com/jonschlinkert/set-value"
"setimmediate@1.0.5","MIT","https://github.com/YuzuJS/setImmediate"
"setprototypeof@1.0.3","ISC","https://github.com/wesleytodd/setprototypeof"
"setprototypeof@1.1.0","ISC","https://github.com/wesleytodd/setprototypeof"
"sha.js@2.4.11","(MIT AND BSD-3-Clause)","https://github.com/crypto-browserify/sha.js"
"shebang-command@1.2.0","MIT","https://github.com/kevva/shebang-command"
"shebang-regex@1.0.0","MIT","https://github.com/sindresorhus/shebang-regex"
"shell-quote@1.6.1","MIT","https://github.com/substack/node-shell-quote"
"signal-exit@3.0.2","ISC","https://github.com/tapjs/signal-exit"
"slash@1.0.0","MIT","https://github.com/sindresorhus/slash"
"slice-ansi@1.0.0","MIT","https://github.com/chalk/slice-ansi"
"snapdragon-node@2.1.1","MIT","https://github.com/jonschlinkert/snapdragon-node"
"snapdragon-util@3.0.1","MIT","https://github.com/jonschlinkert/snapdragon-util"
"snapdragon@0.8.2","MIT","https://github.com/jonschlinkert/snapdragon"
"sort-keys-length@1.0.1","MIT","https://github.com/kevva/sort-keys-length"
"sort-keys@1.1.2","MIT","https://github.com/sindresorhus/sort-keys"
"sort-keys@2.0.0","MIT","https://github.com/sindresorhus/sort-keys"
"source-list-map@2.0.1","MIT","https://github.com/webpack/source-list-map"
"source-map-resolve@0.5.2","MIT","https://github.com/lydell/source-map-resolve"
"source-map-support@0.5.9","MIT","https://github.com/evanw/node-source-map-support"
"source-map-url@0.4.0","MIT","https://github.com/lydell/source-map-url"
"source-map@0.5.7","BSD-3-Clause","https://github.com/mozilla/source-map"
"source-map@0.6.1","BSD-3-Clause","https://github.com/mozilla/source-map"
"source-map@0.7.3","BSD-3-Clause","https://github.com/mozilla/source-map"
"spdx-correct@3.0.2","Apache-2.0","https://github.com/jslicense/spdx-correct.js"
"spdx-exceptions@2.2.0","CC-BY-3.0","https://github.com/kemitchell/spdx-exceptions.json"
"spdx-expression-parse@3.0.0","MIT","https://github.com/jslicense/spdx-expression-parse.js"
"spdx-license-ids@3.0.2","CC0-1.0","https://github.com/shinnn/spdx-license-ids"
"split-string@3.1.0","MIT","https://github.com/jonschlinkert/split-string"
"squeak@1.3.0","MIT","https://github.com/kevva/squeak"
"ssri@5.3.0","ISC","https://github.com/zkat/ssri"
"ssri@6.0.1","ISC","https://github.com/zkat/ssri"
"stackframe@1.0.4","MIT","https://github.com/stacktracejs/stackframe"
"static-extend@0.1.2","MIT","https://github.com/jonschlinkert/static-extend"
"statuses@1.3.1","MIT","https://github.com/jshttp/statuses"
"statuses@1.4.0","MIT","https://github.com/jshttp/statuses"
"statuses@1.5.0","MIT","https://github.com/jshttp/statuses"
"std-env@1.3.1","MIT","https://github.com/pi0/std-env"
"stream-browserify@2.0.1","MIT","https://github.com/substack/stream-browserify"
"stream-each@1.2.3","MIT","https://github.com/mafintosh/stream-each"
"stream-http@2.8.3","MIT","https://github.com/jhiesey/stream-http"
"stream-shift@1.0.0","MIT","https://github.com/mafintosh/stream-shift"
"strict-uri-encode@1.1.0","MIT","https://github.com/kevva/strict-uri-encode"
"string-hash@1.1.3","CC0-1.0","https://github.com/darkskyapp/string-hash"
"string-width@1.0.2","MIT","https://github.com/sindresorhus/string-width"
"string-width@2.1.1","MIT","https://github.com/sindresorhus/string-width"
"string_decoder@1.1.1","MIT","https://github.com/nodejs/string_decoder"
"strip-ansi@3.0.1","MIT","https://github.com/chalk/strip-ansi"
"strip-ansi@4.0.0","MIT","https://github.com/chalk/strip-ansi"
"strip-bom@2.0.0","MIT","https://github.com/sindresorhus/strip-bom"
"strip-bom@3.0.0","MIT","https://github.com/sindresorhus/strip-bom"
"strip-dirs@2.1.0","MIT","https://github.com/shinnn/node-strip-dirs"
"strip-eof@1.0.0","MIT","https://github.com/sindresorhus/strip-eof"
"strip-indent@1.0.1","MIT","https://github.com/sindresorhus/strip-indent"
"strip-json-comments@2.0.1","MIT","https://github.com/sindresorhus/strip-json-comments"
"strip-outer@1.0.1","MIT","https://github.com/sindresorhus/strip-outer"
"stripe@6.28.0","MIT","https://github.com/stripe/stripe-node"
"styled-components@4.1.1","MIT","https://github.com/styled-components/styled-components"
"styled-jsx@3.1.0","MIT","https://github.com/zeit/styled-jsx"
"styled-system@3.1.11","MIT","https://github.com/jxnblk/styled-system"
"stylis-rule-sheet@0.0.10","MIT","https://github.com/thysultan/stylis.js"
"stylis@3.5.3","MIT","https://github.com/thysultan/stylis.js"
"supports-color@2.0.0","MIT","https://github.com/chalk/supports-color"
"supports-color@5.5.0","MIT","https://github.com/chalk/supports-color"
"symbol-observable@1.2.0","MIT","https://github.com/blesh/symbol-observable"
"table@4.0.3","BSD-3-Clause","https://github.com/gajus/table"
"tapable@1.1.0","MIT","https://github.com/webpack/tapable"
"tar-stream@1.6.2","MIT","https://github.com/mafintosh/tar-stream"
"tar@4.4.8","ISC","https://github.com/npm/node-tar"
"temp-dir@1.0.0","MIT","https://github.com/sindresorhus/temp-dir"
"tempfile@2.0.0","MIT","https://github.com/sindresorhus/tempfile"
"terser-webpack-plugin@1.0.2","MIT","https://github.com/webpack-contrib/terser-webpack-plugin"
"terser@3.10.12","BSD-2-Clause","https://github.com/fabiosantoscode/terser"
"through2@2.0.5","MIT","https://github.com/rvagg/through2"
"through@2.3.8","MIT","https://github.com/dominictarr/through"
"timed-out@4.0.1","MIT","https://github.com/floatdrop/timed-out"
"timers-browserify@2.0.10","MIT","https://github.com/jryans/timers-browserify"
"to-arraybuffer@1.0.1","MIT","https://github.com/jhiesey/to-arraybuffer"
"to-buffer@1.1.1","MIT","https://github.com/mafintosh/to-buffer"
"to-fast-properties@1.0.3","MIT","https://github.com/sindresorhus/to-fast-properties"
"to-fast-properties@2.0.0","MIT","https://github.com/sindresorhus/to-fast-properties"
"to-object-path@0.3.0","MIT","https://github.com/jonschlinkert/to-object-path"
"to-regex-range@2.1.1","MIT","https://github.com/micromatch/to-regex-range"
"to-regex@3.0.2","MIT","https://github.com/jonschlinkert/to-regex"
"trim-newlines@1.0.0","MIT","https://github.com/sindresorhus/trim-newlines"
"trim-repeated@1.0.0","MIT","https://github.com/sindresorhus/trim-repeated"
"trim-right@1.0.1","MIT","https://github.com/sindresorhus/trim-right"
"tryer@1.0.1","MIT","git+https://gitlab.com/philbooth/tryer"
"tslib@1.9.3","Apache-2.0","https://github.com/Microsoft/tslib"
"tty-browserify@0.0.0","MIT","https://github.com/substack/tty-browserify"
"tunnel-agent@0.6.0","Apache-2.0","https://github.com/mikeal/tunnel-agent"
"type-is@1.6.16","MIT","https://github.com/jshttp/type-is"
"typed-styles@0.0.7","MIT",""
"typedarray@0.0.6","MIT","https://github.com/substack/typedarray"
"ua-parser-js@0.7.19","(GPL-2.0 OR MIT)","https://github.com/faisalman/ua-parser-js"
"uglify-es@3.3.9","BSD-2-Clause","https://github.com/mishoo/UglifyJS2.git#harmony"
"uglifyjs-webpack-plugin@1.3.0","MIT","https://github.com/webpack-contrib/uglifyjs-webpack-plugin"
"unbzip2-stream@1.3.3","MIT","https://github.com/regular/unbzip2-stream"
"unfetch@3.0.0","MIT","https://github.com/developit/unfetch"
"unfetch@4.0.1","MIT","https://github.com/developit/unfetch"
"unicode-canonical-property-names-ecmascript@1.0.4","MIT","https://github.com/mathiasbynens/unicode-canonical-property-names-ecmascript"
"unicode-match-property-ecmascript@1.0.4","MIT","https://github.com/mathiasbynens/unicode-match-property-ecmascript"
"unicode-match-property-value-ecmascript@1.0.2","MIT","https://github.com/mathiasbynens/unicode-match-property-value-ecmascript"
"unicode-property-aliases-ecmascript@1.0.4","MIT","https://github.com/mathiasbynens/unicode-property-aliases-ecmascript"
"union-value@1.0.0","MIT","https://github.com/jonschlinkert/union-value"
"unique-filename@1.1.1","ISC","https://github.com/iarna/unique-filename"
"unique-slug@2.0.1","ISC","https://github.com/iarna/unique-slug"
"unpipe@1.0.0","MIT","https://github.com/stream-utils/unpipe"
"unset-value@1.0.0","MIT","https://github.com/jonschlinkert/unset-value"
"upath@1.1.0","MIT","https://github.com/anodynos/upath"
"uri-js@4.2.2","BSD-2-Clause","https://github.com/garycourt/uri-js"
"urix@0.1.0","MIT","https://github.com/lydell/urix"
"url-parse-lax@1.0.0","MIT","https://github.com/sindresorhus/url-parse-lax"
"url-parse-lax@3.0.0","MIT","https://github.com/sindresorhus/url-parse-lax"
"url-to-options@1.0.1","MIT","https://github.com/stevenvachon/url-to-options"
"url@0.10.3","MIT","https://github.com/defunctzombie/node-url"
"url@0.11.0","MIT","https://github.com/defunctzombie/node-url"
"use@3.1.1","MIT","https://github.com/jonschlinkert/use"
"util-deprecate@1.0.2","MIT","https://github.com/TooTallNate/util-deprecate"
"util.promisify@1.0.0","MIT","https://github.com/ljharb/util.promisify"
"util@0.10.3","MIT","https://github.com/defunctzombie/node-util"
"util@0.10.4","MIT","https://github.com/defunctzombie/node-util"
"utils-merge@1.0.1","MIT","https://github.com/jaredhanson/utils-merge"
"uuid@3.1.0","MIT","https://github.com/kelektiv/node-uuid"
"uuid@3.3.2","MIT","https://github.com/kelektiv/node-uuid"
"validate-npm-package-license@3.0.4","Apache-2.0","https://github.com/kemitchell/validate-npm-package-license.js"
"vary@1.1.2","MIT","https://github.com/jshttp/vary"
"vm-browserify@0.0.4","MIT","https://github.com/substack/vm-browserify"
"warning@3.0.0","BSD-3-Clause","https://github.com/BerkeleyTrue/warning"
"warning@4.0.3","MIT","https://github.com/BerkeleyTrue/warning"
"watchpack@1.6.0","MIT","https://github.com/webpack/watchpack"
"webpack-bundle-analyzer@3.0.3","MIT","https://github.com/webpack-contrib/webpack-bundle-analyzer"
"webpack-dev-middleware@3.4.0","MIT","https://github.com/webpack/webpack-dev-middleware"
"webpack-hot-middleware@2.22.3","MIT","https://github.com/webpack-contrib/webpack-hot-middleware"
"webpack-log@2.0.0","MIT","https://github.com/webpack-contrib/webpack-log"
"webpack-merge@4.1.4","MIT","https://github.com/survivejs/webpack-merge"
"webpack-sources@1.2.0","MIT","https://github.com/webpack/webpack-sources"
"webpack-sources@1.3.0","MIT","https://github.com/webpack/webpack-sources"
"webpack@4.20.2","MIT","https://github.com/webpack/webpack"
"webpackbar@2.6.3","MIT","https://github.com/nuxt/webpackbar"
"whatwg-fetch@3.0.0","MIT","https://github.com/github/fetch"
"which@1.3.1","ISC","https://github.com/isaacs/node-which"
"wide-align@1.1.3","ISC","https://github.com/iarna/wide-align"
"worker-farm@1.6.0","MIT","https://github.com/rvagg/node-worker-farm"
"wrap-ansi@3.0.1","MIT","https://github.com/chalk/wrap-ansi"
"wrappy@1.0.2","ISC","https://github.com/npm/wrappy"
"write-file-webpack-plugin@4.3.2","BSD-3-Clause","https://github.com/gajus/write-file-webpack-plugin"
"ws@6.2.1","MIT","https://github.com/websockets/ws"
"xml2js@0.4.19","MIT","https://github.com/Leonidas-from-XIV/node-xml2js"
"xmlbuilder@9.0.7","MIT","https://github.com/oozcitak/xmlbuilder-js"
"xtend@4.0.1","MIT","https://github.com/Raynos/xtend"
"y18n@4.0.0","ISC","https://github.com/yargs/y18n"
"yallist@3.0.3","ISC","https://github.com/isaacs/yallist"
"yauzl@2.10.0","MIT","https://github.com/thejoshwolfe/yauzl"
"zen-observable@0.8.13","MIT","https://github.com/zenparsing/zen-observable"